<?xml version="1.0" encoding="UTF-8"?>
<templates id="template" xml:space="preserve">
    <t t-name="TableOrderLine" owl="1">
        <tr class="table_order_client_line" t-att-class="{highlight : props.tosindex == 0}" t-att-data-id="props.tos.id">
            <td class="td_clickable" t-on-click="() => this.trigger('toggleLineChange')">
                <b>Token: #
                    <t t-esc="props.tos.token" /></b>
            </td>
            <td class="td_clickable" t-on-click="() => this.trigger('toggleLineChange')">
                <b>Table:
                    <t t-esc='props.tos.table_name or ""' /></b>
            </td>
            <td class="td_clickable" t-on-click="() => this.trigger('toggleLineChange')">
                <t t-esc='props.tos.date_order or ""' />
            </td>
            <td><span class="button resume_order_cl" t-on-click="add_to_cart_table_order">Add to Cart</span></td>
            <td><span class="button btn_accept_all_order" t-on-click="_onClickAcceptAllOrder">Accept All</span></td>
            <td><span class="button btn_accept_all_order" t-on-click="_onClickSendKitchen">Send To Kitchen</span></td>
            <td><span class="button btn_cancel_all_order" t-on-click="_onClickCancelAllOrder">Cancel</span></td>
        </tr>
    </t>
</templates>